{
  "acc": 0.9013761467889908,
  "f1_macro": 0.7413158786193125,
  "per_class": {
    "mixer": {
      "precision": 0.631578947368421,
      "recall": 0.5454545454545454,
      "f1": 0.5853658536585366
    },
    "phishing": {
      "precision": 0.9502762430939227,
      "recall": 0.9608938547486033,
      "f1": 0.9555555555555556
    },
    "ponzi": {
      "precision": 0.6875,
      "recall": 0.6875,
      "f1": 0.6875
    },
    "rug_pull": {
      "precision": 0.7,
      "recall": 0.7777777777777778,
      "f1": 0.7368421052631579
    }
  }
}