{
  "logistic": {
    "acc": 0.9724770642201835,
    "f1_macro": 0.9194396179096301,
    "ap": {
      "mixer": 0.9629639222593827,
      "phishing": 0.9998375202929448,
      "ponzi": 0.9695567810457517,
      "rug_pull": 0.9758407833120477
    },
    "report": {
      "mixer": {
        "precision": 0.9047619047619048,
        "recall": 0.8636363636363636,
        "f1-score": 0.8837209302325582,
        "support": 44.0
      },
      "phishing": {
        "precision": 0.9915966386554622,
        "recall": 0.9888268156424581,
        "f1-score": 0.9902097902097902,
        "support": 358.0
      },
      "ponzi": {
        "precision": 0.8823529411764706,
        "recall": 0.9375,
        "f1-score": 0.9090909090909091,
        "support": 16.0
      },
      "rug_pull": {
        "precision": 0.85,
        "recall": 0.9444444444444444,
        "f1-score": 0.8947368421052632,
        "support": 18.0
      },
      "accuracy": 0.9724770642201835,
      "macro avg": {
        "precision": 0.9071778711484594,
        "recall": 0.9336019059308165,
        "f1-score": 0.9194396179096301,
        "support": 436.0
      },
      "weighted avg": {
        "precision": 0.972978824557346,
        "recall": 0.9724770642201835,
        "f1-score": 0.9725448246070797,
        "support": 436.0
      }
    }
  },
  "rf": {
    "acc": 0.9724770642201835,
    "f1_macro": 0.9225359240891297,
    "ap": {
      "mixer": 0.9576834146478772,
      "phishing": 0.999769579558516,
      "ponzi": 0.9963235294117647,
      "rug_pull": 0.985328517371861
    },
    "report": {
      "mixer": {
        "precision": 0.8666666666666667,
        "recall": 0.8863636363636364,
        "f1-score": 0.8764044943820225,
        "support": 44.0
      },
      "phishing": {
        "precision": 0.9915966386554622,
        "recall": 0.9888268156424581,
        "f1-score": 0.9902097902097902,
        "support": 358.0
      },
      "ponzi": {
        "precision": 0.8888888888888888,
        "recall": 1.0,
        "f1-score": 0.9411764705882353,
        "support": 16.0
      },
      "rug_pull": {
        "precision": 0.9375,
        "recall": 0.8333333333333334,
        "f1-score": 0.8823529411764706,
        "support": 18.0
      },
      "accuracy": 0.9724770642201835,
      "macro avg": {
        "precision": 0.9211630485527544,
        "recall": 0.927130946334857,
        "f1-score": 0.9225359240891297,
        "support": 436.0
      },
      "weighted avg": {
        "precision": 0.9729865876014014,
        "recall": 0.9724770642201835,
        "f1-score": 0.9724726585286746,
        "support": 436.0
      }
    }
  },
  "xgb": {
    "acc": 0.9747706422018348,
    "f1_macro": 0.939907212885154,
    "ap": {
      "mixer": 0.9559440010753046,
      "phishing": 0.9995819890874695,
      "ponzi": 0.9849826388888889,
      "rug_pull": 0.9872494075602952
    },
    "report": {
      "mixer": {
        "precision": 0.8695652173913043,
        "recall": 0.9090909090909091,
        "f1-score": 0.8888888888888888,
        "support": 44.0
      },
      "phishing": {
        "precision": 0.9915730337078652,
        "recall": 0.9860335195530726,
        "f1-score": 0.988795518207283,
        "support": 358.0
      },
      "ponzi": {
        "precision": 0.9375,
        "recall": 0.9375,
        "f1-score": 0.9375,
        "support": 16.0
      },
      "rug_pull": {
        "precision": 0.9444444444444444,
        "recall": 0.9444444444444444,
        "f1-score": 0.9444444444444444,
        "support": 18.0
      },
      "accuracy": 0.9747706422018348,
      "macro avg": {
        "precision": 0.9357706738859035,
        "recall": 0.9442672182721066,
        "f1-score": 0.939907212885154,
        "support": 436.0
      },
      "weighted avg": {
        "precision": 0.9753303110840209,
        "recall": 0.9747706422018348,
        "f1-score": 0.9749997858470606,
        "support": 436.0
      }
    }
  }
}